Product,KGs Purchased,Purchase Price,KGs Sold,Selling Price,Date
Oranges,177,1.12,105,1.76,10/1/2021
Lemons,91,1.1,51,1.79,18/03/2021
Lemons,115,0.62,21,1.08,31/03/2021
Carrots,70,1.12,136,1.93,8/2/2021
Peas,143,0.48,151,0.75,20/03/2021
Limes,150,0.83,17,1.39,27/02/2021
Apples,56,0.48,88,0.76,6/3/2021
Limes,92,1,24,1.7,3/3/2021
Peas,62,1,33,1.62,15/02/2021
Asparagus,132,1,156,1.56,17/01/2021
Pears,174,1,28,1.53,25/02/2021
Melons,167,1.12,108,1.76,16/02/2021
Oranges,123,1.19,9,2,5/2/2021
Limes,137,1.12,65,1.92,9/2/2021
Lemons,179,1,183,1.62,3/2/2021
Broccoli,94,1.1,72,1.69,16/03/2021
Lettuce,94,1.42,46,2.37,1/2/2021
Lemons,75,1.42,76,2.19,20/01/2021
Limes,152,1,30,1.59,3/1/2021
Lemons,54,0.62,53,1,26/02/2021
Celery,172,0.83,33,1.35,2/3/2021
Cauliflower,166,1.42,93,2.43,14/02/2021
Lemons,105,0.88,9,1.48,19/03/2021
Apples,189,1.12,62,1.69,9/3/2021
Oranges,104,1,58,1.59,22/03/2021
Apples,70,1,176,1.57,26/01/2021
Apples,85,1.19,77,2.06,27/03/2021
Melons,103,1,74,1.57,5/2/2021
Potatoes,54,1,92,1.57,15/02/2021
Oranges,125,1,167,1.64,28/01/2021
Oranges,99,1.42,75,2.31,13/01/2021
Cauliflower,196,1.1,26,1.75,1/1/2021
Cabbages,79,1.12,26,1.93,25/02/2021
Asparagus,161,1.12,164,1.85,30/03/2021
Broccoli,177,1.19,58,1.81,26/02/2021
Peas,97,1.1,190,1.84,8/2/2021
Onions,167,1,141,1.67,4/1/2021
Carrots,129,1,52,1.5,5/3/2021
Pears,138,1,36,1.65,21/03/2021
Broccoli,69,0.83,85,1.31,6/3/2021
Carrots,186,1.19,51,2.01,17/01/2021
Melons,92,0.62,59,0.93,16/01/2021
Lettuce,88,1,62,1.71,5/1/2021
Pears,108,1.19,89,1.92,24/01/2021
Limes,141,0.48,50,0.84,10/1/2021
Peas,65,1.19,164,1.87,25/01/2021
Carrots,51,1,2,1.56,4/2/2021
Oranges,179,1.42,140,2.39,14/03/2021
Pears,98,1.1,97,1.89,14/01/2021
Asparagus,160,0.62,131,1.02,20/01/2021
Apples,92,1.12,172,1.95,4/2/2021
Limes,66,1.42,155,2.41,10/2/2021
Lettuce,149,1.12,133,1.69,1/3/2021
Lettuce,149,1.42,64,2.16,2/1/2021
Onions,92,0.88,52,1.4,27/03/2021
Asparagus,165,0.62,103,1.02,23/03/2021
Lemons,146,1.42,27,2.36,9/3/2021
Limes,164,0.48,184,0.74,10/1/2021
Lettuce,171,0.62,140,1.06,12/1/2021
Peas,89,0.83,77,1.24,31/01/2021
Potatoes,135,0.83,54,1.25,22/01/2021
Potatoes,184,1.1,138,1.81,25/02/2021
Onions,101,0.62,179,1,25/01/2021
Asparagus,184,0.83,171,1.44,15/03/2021
Celery,200,0.62,18,1.02,20/02/2021
Pears,75,1.42,18,2.23,5/1/2021
Pears,124,1.42,125,2.27,18/01/2021
Melons,82,0.62,195,1,28/02/2021
Apples,52,0.83,179,1.39,14/01/2021
Celery,131,0.88,54,1.42,12/1/2021
Asparagus,193,0.48,115,0.81,29/01/2021
Lemons,153,0.83,172,1.36,4/1/2021
Oranges,170,0.83,172,1.32,4/1/2021
Apples,107,1.42,24,2.33,14/02/2021
Peas,156,0.83,9,1.43,19/03/2021
Carrots,106,0.83,26,1.34,26/01/2021
Cauliflower,183,1.12,11,1.89,1/1/2021
Onions,128,0.83,70,1.44,15/01/2021
Potatoes,163,1.19,142,1.8,2/2/2021
Limes,121,1.1,83,1.85,10/1/2021
Asparagus,99,0.83,159,1.39,11/1/2021
Broccoli,93,0.88,11,1.41,8/1/2021
Pears,97,1,42,1.69,11/2/2021
Apples,61,0.62,9,1,6/3/2021
Melons,148,0.88,38,1.33,17/03/2021
Broccoli,166,0.88,195,1.5,6/2/2021
Cauliflower,180,1.19,6,2.06,1/1/2021
Celery,173,0.83,114,1.33,14/01/2021
Cauliflower,88,0.83,114,1.28,28/01/2021
Cabbages,54,1.1,180,1.66,6/1/2021
Cauliflower,84,1.12,90,1.92,7/1/2021
Potatoes,128,1,58,1.53,28/02/2021
Oranges,104,0.83,56,1.26,1/2/2021
Celery,142,0.62,102,1,8/2/2021
Carrots,94,0.83,175,1.31,12/1/2021
Celery,52,1.1,140,1.89,21/02/2021
Limes,183,0.83,140,1.34,31/03/2021
Pears,158,1,141,1.69,8/2/2021
Apples,123,1.1,16,1.91,11/1/2021
Lettuce,146,1.12,56,1.72,16/03/2021
Peas,199,1.12,1,1.76,13/03/2021
Cauliflower,114,1.42,157,2.22,28/03/2021
Asparagus,178,1.1,143,1.78,9/3/2021
Limes,78,1,101,1.52,17/01/2021
Apples,91,1.42,170,2.24,30/03/2021
Oranges,51,1.42,128,2.46,31/03/2021
Cabbages,167,1,89,1.73,18/01/2021
Apples,137,0.62,159,1.08,11/1/2021
Cauliflower,68,1.12,22,1.96,5/2/2021
Lemons,85,0.48,13,0.83,19/02/2021
Asparagus,137,1.12,32,1.76,27/03/2021
Pears,183,0.48,51,0.8,6/1/2021
Celery,88,0.83,56,1.27,24/03/2021
Lemons,170,1.12,199,1.79,15/03/2021
Cabbages,158,1.19,98,1.95,6/3/2021
Broccoli,149,1.42,68,2.44,1/1/2021
Melons,190,0.62,197,1.04,16/01/2021
Apples,90,0.48,142,0.78,22/03/2021
Onions,84,0.83,26,1.3,3/3/2021
Potatoes,138,0.88,99,1.5,11/1/2021
Oranges,152,0.62,121,1.04,21/01/2021
Pears,168,1,28,1.7,29/03/2021
Pears,54,1.1,94,1.88,12/3/2021
Asparagus,51,1.1,92,1.72,22/02/2021
Asparagus,176,1.19,99,2,24/02/2021
Lettuce,127,1.19,89,1.87,3/2/2021
Lemons,185,0.62,187,1,20/02/2021
Broccoli,173,0.83,104,1.29,12/3/2021
Potatoes,61,0.83,197,1.44,17/02/2021
Onions,69,0.83,123,1.43,4/1/2021
Peas,127,1,117,1.59,2/3/2021
Oranges,193,1,22,1.75,20/02/2021
Peas,170,1.12,185,1.81,7/3/2021
Apples,118,1.12,161,1.69,10/2/2021
Onions,68,1.19,14,1.83,29/03/2021
Apples,70,1.42,17,2.14,13/03/2021
Onions,147,0.62,197,1.05,25/01/2021
Cauliflower,64,0.62,137,1.06,18/01/2021
Celery,129,0.83,157,1.44,27/02/2021
Celery,66,0.48,65,0.76,15/01/2021
Broccoli,190,0.83,134,1.32,2/2/2021
Asparagus,175,1.1,56,1.74,10/3/2021
Onions,148,1,70,1.51,14/02/2021
Melons,109,0.88,79,1.53,23/01/2021
Lemons,62,0.83,156,1.4,28/01/2021
Cauliflower,178,0.88,37,1.4,19/03/2021
Carrots,52,0.88,57,1.38,9/3/2021
Cabbages,102,0.48,190,0.83,23/01/2021
Cabbages,188,0.62,57,1.08,9/1/2021
Cabbages,178,0.48,178,0.72,7/1/2021
Peas,62,1.12,69,1.89,24/03/2021
Peas,74,0.88,104,1.5,4/2/2021
Onions,90,1,197,1.63,27/01/2021
Cabbages,70,0.48,189,0.74,26/03/2021
Onions,185,0.62,110,0.95,13/01/2021
Potatoes,71,0.48,16,0.75,28/01/2021
Cabbages,56,1.19,173,1.8,23/03/2021
Peas,53,0.83,195,1.31,19/03/2021
Cabbages,114,1.1,7,1.89,30/01/2021
Asparagus,75,1.12,30,1.77,25/03/2021
Apples,159,1.19,174,1.95,18/02/2021
Asparagus,80,0.62,68,1.05,12/2/2021
Celery,72,1.42,24,2.41,21/01/2021
Broccoli,120,1,74,1.59,19/02/2021
Celery,187,1.42,88,2.23,16/03/2021
Cauliflower,124,0.48,9,0.8,18/01/2021
Cauliflower,80,1.19,35,2.07,8/1/2021
Broccoli,146,1,35,1.69,3/2/2021
Oranges,157,1.12,47,1.76,1/3/2021
Celery,198,1.42,50,2.13,19/03/2021
Broccoli,191,0.48,176,0.8,10/3/2021
Peas,55,1.42,184,2.44,1/1/2021
Oranges,148,1.42,85,2.48,1/3/2021
Limes,161,1.1,21,1.89,5/3/2021
Lettuce,117,1.19,138,2,17/01/2021
Oranges,147,0.48,14,0.82,20/02/2021
Broccoli,76,0.88,56,1.39,21/01/2021
Celery,102,0.88,186,1.52,1/2/2021
Asparagus,66,0.62,77,0.97,11/1/2021
Limes,123,0.88,10,1.35,18/03/2021
Cauliflower,60,0.48,110,0.78,1/2/2021
Carrots,75,1.42,116,2.47,23/02/2021
Pears,118,0.88,166,1.35,30/03/2021
Limes,83,0.88,126,1.49,19/03/2021
Limes,98,1.1,153,1.77,24/03/2021
Peas,136,1.1,86,1.69,2/1/2021
Celery,189,1.12,144,1.92,30/01/2021
Cabbages,126,1.42,70,2.13,10/2/2021
Apples,190,0.83,184,1.36,26/01/2021
Melons,177,0.88,86,1.35,19/03/2021
Celery,60,1.12,96,1.94,24/01/2021
Peas,140,1.19,194,1.88,8/3/2021
Pears,83,1.19,151,2.07,17/02/2021
Apples,193,1.1,14,1.66,10/3/2021
Melons,154,0.83,162,1.33,23/01/2021
Melons,142,1,187,1.75,14/01/2021
Cabbages,62,1.19,6,2.02,17/03/2021
Pears,102,1,51,1.6,15/02/2021
Pears,170,1.1,83,1.67,11/1/2021
Onions,93,1.42,190,2.3,20/02/2021
Limes,103,1.1,45,1.67,10/3/2021
Apples,89,0.62,16,1.01,10/1/2021
Potatoes,169,0.48,127,0.76,6/2/2021
Onions,133,0.88,120,1.41,2/1/2021
Cabbages,145,0.48,183,0.77,14/03/2021
Carrots,123,0.62,107,1.03,9/3/2021
Carrots,60,0.88,63,1.36,18/02/2021
Melons,143,1.19,114,1.99,8/2/2021
Pears,101,1.42,189,2.3,19/03/2021
Lettuce,63,1.42,3,2.26,25/03/2021
Lettuce,197,0.83,183,1.34,22/01/2021
Peas,132,0.83,189,1.35,21/03/2021
Carrots,193,0.88,139,1.54,13/01/2021
Cauliflower,139,1.42,177,2.41,15/01/2021
Apples,176,0.62,143,0.95,23/01/2021
Asparagus,68,0.62,185,0.93,1/2/2021
Peas,198,1.19,2,1.89,27/02/2021
Onions,146,1.42,154,2.2,3/2/2021
Lettuce,97,0.83,35,1.44,16/02/2021
Oranges,105,0.48,106,0.83,25/03/2021
Pears,192,0.83,1,1.28,29/03/2021
Onions,78,1.42,38,2.43,6/3/2021
Pears,123,1,168,1.68,24/02/2021
Celery,173,1.12,6,1.76,9/2/2021
Melons,107,1.12,26,1.92,20/03/2021
Melons,123,0.88,81,1.48,1/1/2021
Carrots,166,1.19,122,1.9,20/03/2021
Broccoli,182,0.88,100,1.45,17/03/2021
Pears,70,0.48,66,0.74,31/03/2021
Carrots,100,1.1,175,1.86,11/2/2021
Carrots,96,1.42,121,2.31,15/03/2021
Broccoli,90,0.62,111,0.94,18/03/2021
Cabbages,161,1.12,189,1.92,27/03/2021
Cauliflower,95,0.83,127,1.28,19/03/2021
Limes,175,1.1,138,1.86,25/02/2021
Onions,171,1.42,167,2.41,3/1/2021
Limes,76,0.62,73,0.93,1/2/2021
Carrots,198,1.42,167,2.16,25/03/2021
Pears,79,1.19,143,2.05,15/03/2021
Onions,144,1.12,178,1.7,4/3/2021
Apples,99,0.83,147,1.24,11/2/2021
Celery,77,1.12,140,1.74,26/02/2021
Carrots,169,0.88,135,1.46,28/03/2021
Pears,199,0.83,85,1.33,7/3/2021
Peas,148,0.62,83,1.02,12/3/2021
Carrots,157,1.1,26,1.85,11/2/2021
Potatoes,82,1.12,31,1.83,1/3/2021
Lemons,147,0.88,174,1.35,14/03/2021
Potatoes,150,0.83,183,1.27,1/2/2021
Cabbages,166,1.1,135,1.91,28/01/2021
Onions,94,1.42,24,2.4,22/03/2021
Cabbages,136,0.62,56,1,5/1/2021
Apples,143,0.83,54,1.27,28/03/2021
Lemons,162,0.88,153,1.5,18/02/2021
Melons,83,0.48,149,0.82,16/02/2021
Cabbages,151,0.62,61,1.05,12/1/2021
Potatoes,128,1.12,73,1.74,6/1/2021
Asparagus,70,1.1,128,1.73,14/03/2021
Oranges,79,1.42,79,2.43,26/02/2021
Onions,53,1.1,52,1.86,10/3/2021
Potatoes,162,0.83,102,1.44,11/3/2021
Melons,68,1.42,131,2.3,30/03/2021
Potatoes,79,1.12,13,1.75,5/2/2021
Carrots,149,1.1,85,1.85,13/01/2021
Broccoli,57,0.62,50,0.99,16/01/2021
Lemons,184,0.83,165,1.27,24/02/2021
Cabbages,134,1.1,100,1.88,2/3/2021
Broccoli,179,0.83,92,1.45,4/1/2021
Apples,186,0.83,66,1.44,29/01/2021
Apples,190,0.83,73,1.41,15/02/2021
Apples,63,0.62,137,0.95,15/02/2021
Carrots,177,1.19,104,2.08,9/2/2021
Apples,196,1.1,114,1.8,21/02/2021
Onions,134,1.19,29,2,3/1/2021
Onions,146,1,196,1.72,15/02/2021
Carrots,162,0.48,62,0.82,31/03/2021
Lettuce,92,0.48,162,0.81,10/3/2021
Cauliflower,127,0.83,168,1.25,24/01/2021
Lemons,86,0.62,89,0.97,22/02/2021
Celery,191,0.48,82,0.82,10/2/2021
Apples,137,0.48,101,0.84,13/02/2021
Peas,73,0.48,184,0.8,12/3/2021
Lettuce,141,1.19,129,1.81,6/3/2021
Carrots,183,0.83,5,1.35,17/02/2021
Cabbages,51,1.19,66,2.02,22/03/2021
Broccoli,59,1.42,150,2.17,11/3/2021
Celery,155,0.88,84,1.52,23/02/2021
Oranges,109,1.42,54,2.34,19/02/2021
Celery,66,0.88,185,1.34,17/03/2021
Peas,196,0.48,139,0.76,30/03/2021
Lettuce,54,1,92,1.63,20/03/2021
Peas,159,1.42,52,2.46,11/2/2021
Cauliflower,73,1.19,172,2.05,21/02/2021
Broccoli,120,0.62,66,1.04,16/01/2021
Oranges,154,1.12,83,1.9,19/02/2021
Onions,124,1.19,11,2.02,11/2/2021
Asparagus,167,1.12,81,1.85,25/03/2021
Carrots,71,0.88,41,1.33,19/02/2021
Pears,184,1.42,39,2.29,25/03/2021
Cabbages,67,0.88,22,1.44,4/3/2021
Melons,157,0.83,26,1.32,17/02/2021
Pears,141,0.83,131,1.27,21/03/2021
Peas,148,0.62,13,0.99,22/02/2021
Potatoes,141,1.19,141,1.88,12/3/2021
Melons,167,0.48,85,0.83,7/3/2021
Oranges,112,1,57,1.6,23/02/2021
Broccoli,123,1.1,189,1.79,19/03/2021
Potatoes,183,1,61,1.72,29/01/2021
Oranges,140,1.42,28,2.19,10/1/2021
Peas,91,0.62,190,1.02,9/1/2021
Cabbages,81,0.48,39,0.83,21/02/2021
Pears,106,0.88,10,1.39,4/2/2021
Lemons,67,0.62,16,0.97,11/1/2021
Pears,167,1.42,121,2.48,24/03/2021
Melons,109,0.48,150,0.81,13/02/2021
Melons,180,0.62,15,1.02,2/3/2021
Peas,97,1,28,1.54,11/2/2021
Apples,159,1.12,151,1.79,9/2/2021
Apples,175,0.83,90,1.43,27/03/2021
Apples,184,0.83,171,1.29,12/3/2021
Peas,172,1.12,144,1.69,18/02/2021
Peas,120,0.83,70,1.25,18/01/2021
Celery,100,1.1,49,1.85,20/01/2021
Onions,183,0.83,105,1.29,28/01/2021
Celery,176,0.83,110,1.41,16/01/2021
Lemons,194,1.42,181,2.4,16/02/2021
Cabbages,120,1.42,171,2.47,9/3/2021
Celery,102,0.48,31,0.84,16/03/2021
Cabbages,69,1,8,1.7,7/3/2021
Lemons,158,1.19,124,1.87,20/03/2021
Potatoes,128,1,109,1.51,27/01/2021
Apples,96,1,53,1.5,27/03/2021
Pears,131,0.48,3,0.82,13/01/2021
Melons,163,0.48,120,0.77,5/3/2021
Apples,132,0.48,149,0.82,24/01/2021
Peas,62,1.19,27,1.87,31/03/2021
Potatoes,63,0.48,43,0.82,3/3/2021
Limes,151,1.12,88,1.9,19/03/2021
Asparagus,196,1.19,137,2.05,28/01/2021
Cabbages,112,0.83,134,1.43,22/01/2021
Peas,81,1.12,112,1.88,25/02/2021
Apples,107,1.19,56,2.02,4/2/2021
Oranges,191,0.88,120,1.38,13/01/2021
Potatoes,57,1.12,192,1.96,8/1/2021
Oranges,137,1.1,182,1.74,8/2/2021
Carrots,170,1.12,31,1.87,6/1/2021
Lettuce,191,0.48,28,0.84,28/02/2021
Lemons,56,0.62,39,1.04,11/2/2021
Lemons,179,1.12,27,1.76,21/01/2021
Carrots,127,0.88,91,1.44,8/2/2021
Oranges,169,1.1,57,1.68,20/03/2021
Oranges,89,1,172,1.75,27/01/2021
Celery,157,0.62,171,0.95,21/01/2021
Cabbages,71,0.48,79,0.72,2/1/2021
Potatoes,153,1,18,1.59,12/2/2021
Carrots,117,1,143,1.57,27/03/2021
Pears,159,1.12,110,1.79,5/3/2021
Peas,173,1.1,29,1.88,7/3/2021
Cabbages,177,1,77,1.71,23/03/2021
Melons,178,1.12,101,1.92,1/2/2021
Limes,175,1,110,1.55,26/01/2021
Lettuce,52,1.12,153,1.68,8/2/2021
Cabbages,128,1,153,1.56,4/2/2021
Lettuce,87,0.88,187,1.43,9/3/2021
Celery,95,1.19,158,1.84,5/1/2021
Oranges,96,1.1,191,1.73,31/03/2021
Lemons,131,1.1,121,1.87,7/3/2021
Cauliflower,154,0.62,181,0.97,4/2/2021
Lemons,178,0.88,77,1.39,15/01/2021
Pears,62,1.12,107,1.76,23/03/2021
Apples,172,1.12,66,1.69,2/2/2021
Peas,108,0.88,67,1.37,22/02/2021
Oranges,152,0.88,147,1.4,10/1/2021
Melons,117,0.48,57,0.74,10/3/2021
Cauliflower,61,1.12,81,1.83,24/01/2021
Cauliflower,176,1.19,96,2.07,23/03/2021
Celery,190,0.48,25,0.78,2/3/2021
Limes,89,1.1,73,1.9,26/03/2021
Pears,84,0.83,22,1.42,6/1/2021
Apples,60,1.12,149,1.79,4/2/2021
Broccoli,128,1,1,1.63,21/03/2021
Carrots,168,1,85,1.51,1/1/2021
Limes,89,1.1,160,1.79,16/01/2021
Potatoes,51,1.19,160,2.06,8/2/2021
Peas,115,1.19,124,1.86,14/02/2021
Broccoli,107,0.83,2,1.3,20/02/2021
Lemons,77,1.42,65,2.13,7/1/2021
Oranges,132,1.19,161,2.01,8/1/2021
Melons,147,1.19,187,2,28/01/2021
Oranges,117,0.83,155,1.38,25/02/2021
Carrots,54,1.19,137,2,9/3/2021
Peas,173,1.19,81,1.82,29/03/2021
Pears,125,0.88,85,1.39,3/1/2021
Broccoli,162,0.83,116,1.42,3/3/2021
Lemons,141,1.12,141,1.74,11/1/2021
Apples,173,1,110,1.66,29/03/2021
Peas,149,1.12,156,1.9,28/02/2021
Asparagus,129,0.48,2,0.81,23/03/2021
Oranges,90,0.83,18,1.3,26/03/2021
Lemons,166,0.48,92,0.83,22/03/2021
Lemons,68,1,22,1.75,21/02/2021
Carrots,153,1.19,155,1.94,3/1/2021
Oranges,54,1.1,17,1.75,9/3/2021
Broccoli,111,1.19,127,1.81,26/02/2021
Cauliflower,171,0.48,1,0.8,10/2/2021
Potatoes,134,0.48,141,0.72,12/1/2021
Cabbages,150,1.12,84,1.87,24/03/2021
Asparagus,149,1.12,138,1.76,22/01/2021
Potatoes,144,1.1,56,1.74,9/3/2021
Potatoes,76,1.12,94,1.78,17/02/2021
Apples,66,1,155,1.57,31/01/2021
Peas,187,1.19,49,2.05,4/2/2021
Celery,181,0.88,196,1.53,24/01/2021
Pears,71,1.1,19,1.9,21/01/2021
Carrots,181,0.83,145,1.44,9/1/2021
Apples,98,1.1,65,1.93,27/01/2021
Lemons,108,1.19,138,2,23/02/2021
Apples,157,1,78,1.65,14/02/2021
Lemons,101,0.62,128,0.95,2/1/2021
Pears,60,1.42,84,2.4,6/1/2021
Apples,86,1.1,199,1.66,1/3/2021
Apples,129,1,193,1.72,2/3/2021
Peas,103,0.48,112,0.84,25/02/2021
Limes,146,0.88,140,1.52,20/02/2021
Asparagus,176,1.42,50,2.48,27/03/2021
Cauliflower,129,1,179,1.61,3/2/2021
Limes,103,1.19,82,1.81,16/03/2021
Potatoes,137,0.83,135,1.45,13/01/2021
Cabbages,90,0.62,38,1.08,12/1/2021
Celery,171,0.88,77,1.41,18/01/2021
Potatoes,142,1,132,1.52,2/2/2021
Onions,129,0.83,54,1.41,17/03/2021
Potatoes,50,0.83,71,1.31,20/02/2021
Broccoli,196,0.88,58,1.51,10/2/2021
Celery,136,1.19,130,1.99,14/03/2021
Oranges,167,1,194,1.63,17/01/2021
Pears,128,0.48,160,0.84,25/03/2021
Limes,52,0.88,138,1.5,2/1/2021
Melons,162,1,182,1.53,22/01/2021
Asparagus,177,0.88,131,1.43,6/2/2021
Broccoli,117,0.88,107,1.43,1/1/2021
Cauliflower,103,0.62,188,1.02,29/01/2021
Limes,52,0.48,176,0.8,28/03/2021
Celery,81,1.12,190,1.74,7/2/2021
Cabbages,91,1.19,83,1.95,7/2/2021
Lettuce,113,1.19,116,1.83,10/2/2021
Pears,101,0.88,63,1.38,31/01/2021
Lettuce,61,1.19,127,2.06,27/01/2021
Broccoli,92,0.62,168,0.97,11/3/2021
Carrots,106,1.12,88,1.83,25/02/2021
Potatoes,158,0.88,130,1.43,22/02/2021
Apples,126,0.83,136,1.25,13/02/2021
Pears,157,0.48,195,0.8,17/01/2021
Cabbages,63,0.83,75,1.27,9/3/2021
Limes,188,0.62,44,0.95,10/1/2021
Melons,117,1.19,37,1.78,22/02/2021
Melons,87,1.1,127,1.76,9/3/2021
Lemons,69,0.62,61,1.08,12/1/2021
Cabbages,74,0.88,134,1.36,20/01/2021
Broccoli,52,1.42,35,2.33,27/01/2021
Apples,66,0.62,10,0.96,10/1/2021
Asparagus,174,1.1,49,1.93,20/01/2021
Peas,106,1.1,78,1.81,24/01/2021
Melons,172,1.42,51,2.44,27/02/2021
Onions,61,1.42,21,2.43,17/03/2021
Carrots,172,0.83,188,1.36,1/1/2021
Cabbages,152,0.88,4,1.36,19/01/2021
Carrots,110,1.1,52,1.89,7/2/2021
Broccoli,112,1.42,193,2.3,23/01/2021
Melons,60,0.62,51,1.06,1/2/2021
Apples,139,1.12,181,1.8,28/03/2021
Lettuce,63,1,163,1.74,29/03/2021
Pears,147,0.83,127,1.3,6/3/2021
Asparagus,147,0.48,47,0.72,16/01/2021
Limes,177,1.42,139,2.31,13/01/2021
Cabbages,198,1.42,133,2.17,12/3/2021
Asparagus,64,0.48,12,0.79,13/03/2021
Pears,79,1.42,113,2.24,25/02/2021
Cabbages,120,1.1,34,1.78,2/3/2021
Carrots,160,0.88,40,1.5,23/02/2021
Celery,169,1,76,1.59,18/01/2021
Celery,55,1.12,65,1.83,25/03/2021
Cauliflower,67,1.1,71,1.77,22/02/2021
Celery,101,0.62,57,1.03,15/01/2021
Melons,77,0.88,180,1.39,27/03/2021
Asparagus,184,0.48,101,0.72,28/01/2021
Peas,142,0.88,114,1.42,9/3/2021
Limes,144,1.12,90,1.83,3/2/2021
Peas,143,1.42,192,2.39,3/1/2021
Carrots,92,0.83,132,1.28,28/01/2021
Celery,52,1.42,197,2.14,19/03/2021
Limes,198,1.42,165,2.14,17/02/2021
Limes,56,0.88,133,1.5,4/1/2021
Asparagus,141,1.19,36,1.87,6/2/2021
Cabbages,63,1,157,1.6,16/02/2021
Broccoli,89,1,30,1.64,9/2/2021
Carrots,120,0.48,174,0.76,23/03/2021
Cabbages,63,1.19,135,2,19/01/2021
Limes,174,1.1,74,1.68,14/03/2021
Oranges,53,0.88,138,1.45,17/01/2021
Celery,176,0.83,5,1.27,21/02/2021
Oranges,84,1.1,159,1.8,22/01/2021
Pears,186,0.88,29,1.36,5/1/2021
Apples,127,1.19,149,1.81,25/02/2021
Pears,141,0.88,12,1.5,8/1/2021
Cabbages,102,0.88,156,1.41,9/1/2021
Onions,77,0.48,162,0.79,23/02/2021
Potatoes,65,0.83,19,1.29,10/1/2021
Carrots,89,1.12,151,1.9,1/2/2021
Peas,176,0.83,74,1.44,1/2/2021
Potatoes,198,1.42,197,2.23,26/03/2021
Cauliflower,147,0.48,107,0.72,4/1/2021
Cabbages,61,1.1,156,1.72,10/3/2021
Celery,184,1.42,50,2.33,24/01/2021
Onions,160,1.1,97,1.66,25/01/2021
Oranges,110,0.48,146,0.81,30/03/2021
Broccoli,109,0.62,191,1.03,13/02/2021
Apples,157,1.1,145,1.91,4/3/2021
Limes,97,1.19,100,2.02,3/2/2021
Pears,71,1,30,1.57,19/01/2021
Carrots,123,1.42,16,2.46,2/1/2021
Cabbages,162,1.19,17,2,6/1/2021
Apples,108,0.48,119,0.79,22/01/2021
Potatoes,103,0.83,93,1.44,21/03/2021
Celery,78,0.88,158,1.34,28/03/2021
Oranges,197,1.12,28,1.75,21/01/2021
Lemons,200,0.83,38,1.28,26/01/2021
Peas,105,0.83,88,1.42,13/03/2021
Onions,113,1.42,68,2.44,28/01/2021
Cauliflower,124,1.12,14,1.71,30/01/2021
Melons,110,0.88,186,1.43,3/3/2021
Apples,85,0.48,29,0.79,1/1/2021
Oranges,153,1.12,194,1.76,12/3/2021
Onions,134,0.83,108,1.41,2/2/2021
Limes,102,0.48,133,0.75,21/02/2021
Celery,61,1.12,58,1.74,27/01/2021
Limes,170,1.42,6,2.27,22/03/2021
Cauliflower,151,1.19,159,1.98,1/3/2021
Broccoli,52,1,39,1.56,10/3/2021
Asparagus,182,1.1,91,1.74,16/03/2021
Asparagus,186,0.62,118,0.99,6/2/2021
Melons,67,1,110,1.67,10/2/2021
Lemons,148,0.48,82,0.8,11/1/2021
Oranges,174,0.62,168,0.94,12/3/2021
Broccoli,125,1.42,125,2.19,9/3/2021
Pears,52,0.88,72,1.32,31/01/2021
Celery,91,0.83,170,1.39,18/02/2021
Peas,86,1.12,103,1.75,21/03/2021
Oranges,170,1.19,108,1.83,25/03/2021
Peas,102,0.48,66,0.78,25/03/2021
Melons,76,0.48,193,0.8,17/01/2021
Broccoli,121,0.88,30,1.44,4/2/2021
Lemons,128,0.88,169,1.43,29/01/2021
Broccoli,181,0.83,183,1.29,18/03/2021
Potatoes,191,0.88,56,1.44,20/02/2021
Cauliflower,69,1.42,186,2.43,1/2/2021
Cauliflower,126,1,127,1.52,26/01/2021
Lemons,191,1.12,187,1.92,16/03/2021
Onions,126,1.19,46,2.08,5/3/2021
Apples,140,0.88,150,1.45,17/01/2021
Melons,80,1.1,47,1.66,15/02/2021
Asparagus,68,1,131,1.57,21/03/2021
Oranges,83,1,129,1.72,26/01/2021
Onions,66,1.12,49,1.74,4/2/2021
Onions,63,1.1,119,1.87,1/1/2021
Potatoes,191,1.42,170,2.3,5/3/2021
Peas,169,0.88,105,1.48,20/02/2021
Onions,112,0.48,76,0.83,15/02/2021
Apples,167,0.62,8,1,21/01/2021
Carrots,149,1.19,55,2.01,7/1/2021
Cabbages,197,1.12,25,1.69,10/2/2021
Carrots,132,0.48,85,0.82,12/1/2021
Pears,126,0.88,104,1.38,20/01/2021
Broccoli,156,1.1,69,1.66,9/3/2021
Pears,163,1,89,1.68,14/03/2021
Potatoes,146,1.1,149,1.74,21/02/2021
Onions,131,0.62,191,1.02,9/1/2021
Oranges,122,0.88,76,1.43,22/02/2021
Peas,123,1.42,1,2.44,13/01/2021
Oranges,94,1.1,138,1.84,2/1/2021
Onions,116,1.1,159,1.69,7/2/2021
Cabbages,195,1.1,74,1.8,3/2/2021
Celery,156,1.19,87,1.83,17/03/2021
Celery,183,0.48,36,0.78,3/2/2021
Limes,187,0.88,99,1.48,20/01/2021
Cauliflower,188,1.42,148,2.22,26/03/2021
Peas,68,1,6,1.55,9/2/2021
Onions,116,1.42,122,2.29,29/01/2021
Melons,111,0.83,176,1.33,31/03/2021
Carrots,81,0.83,25,1.44,25/03/2021
Lettuce,172,1.12,21,1.68,4/2/2021
Carrots,109,0.48,191,0.74,23/01/2021
Carrots,164,0.48,162,0.79,15/01/2021
Melons,138,1.1,144,1.91,5/2/2021
Limes,154,1.12,7,1.86,28/01/2021
Melons,181,0.88,59,1.52,24/01/2021
Broccoli,200,0.48,182,0.8,23/01/2021
Limes,91,0.62,179,0.97,6/3/2021
Asparagus,167,0.88,2,1.43,13/03/2021
Carrots,129,0.88,26,1.36,5/2/2021
Potatoes,198,1.1,139,1.75,14/03/2021
Peas,144,1.19,45,1.82,11/2/2021
Melons,148,0.48,94,0.81,4/3/2021
Lettuce,67,1,154,1.62,15/02/2021
Cabbages,56,1.42,47,2.2,21/02/2021
Asparagus,113,1.1,10,1.72,3/3/2021
Asparagus,99,1,197,1.68,10/1/2021
Broccoli,108,1.19,31,2.02,12/2/2021
Melons,116,1.42,51,2.26,3/3/2021
Apples,135,1.12,158,1.96,11/1/2021
Potatoes,147,1.12,142,1.95,16/01/2021
Onions,134,1.19,31,2.01,31/01/2021
Apples,198,0.88,50,1.48,14/02/2021
Asparagus,143,1,50,1.72,27/02/2021
Carrots,61,1,28,1.61,30/03/2021
Broccoli,139,1.19,71,1.99,15/01/2021
Peas,140,1.19,32,1.8,29/01/2021
Peas,153,1.42,138,2.44,11/1/2021
Potatoes,162,1.19,57,1.95,13/03/2021
Limes,180,0.62,45,1.04,8/1/2021
Celery,133,0.48,72,0.79,20/01/2021
Pears,177,1.42,116,2.23,23/02/2021
Apples,112,0.88,129,1.43,15/01/2021
Celery,123,1.42,73,2.36,24/02/2021
Lemons,184,0.48,101,0.74,15/02/2021
Onions,65,0.62,168,1.02,5/3/2021
Potatoes,168,0.88,98,1.44,25/01/2021
Carrots,165,1,163,1.55,17/02/2021
Potatoes,182,0.88,54,1.46,27/03/2021
Limes,91,0.62,186,1,25/03/2021
Celery,180,1.1,3,1.66,27/01/2021
Lettuce,82,1,56,1.66,12/2/2021
Lettuce,177,1.1,69,1.79,15/01/2021
Peas,71,1.1,188,1.66,9/3/2021
Onions,85,0.83,108,1.43,29/01/2021
Lemons,76,0.88,127,1.42,2/1/2021
Carrots,99,0.88,58,1.4,19/01/2021
Lemons,89,1.12,185,1.69,12/3/2021
Cabbages,171,0.62,31,0.98,17/02/2021
Peas,160,1.19,135,1.98,26/03/2021
Oranges,77,1,25,1.72,27/01/2021
Carrots,155,1,79,1.68,10/2/2021
Cauliflower,115,0.83,196,1.43,23/01/2021
Limes,149,0.48,133,0.76,14/01/2021
Carrots,121,0.83,195,1.39,14/03/2021
Carrots,125,1.42,154,2.37,6/1/2021
Oranges,163,0.62,174,1.06,22/02/2021
Potatoes,57,1.42,108,2.4,23/02/2021
Apples,69,0.83,174,1.29,20/02/2021
Oranges,62,1.1,60,1.68,18/03/2021
Limes,81,1.19,94,2.07,11/2/2021
Melons,200,0.62,63,0.95,28/03/2021
Limes,96,1.42,125,2.48,27/01/2021
Limes,162,0.48,72,0.74,12/2/2021
Melons,136,1.42,188,2.22,9/3/2021
Lettuce,181,0.62,9,1.07,25/01/2021
Onions,132,1.12,144,1.71,4/1/2021
Asparagus,187,1.1,65,1.75,16/03/2021
Broccoli,180,0.48,171,0.84,18/03/2021
Melons,104,1.1,23,1.66,8/1/2021
Lettuce,165,1.19,199,2.03,12/1/2021
Onions,160,1.1,186,1.76,4/3/2021
Onions,103,1.12,151,1.77,1/3/2021
Apples,105,1.12,174,1.75,4/3/2021
Lettuce,118,1.1,145,1.76,25/03/2021
Carrots,112,1,45,1.61,11/3/2021
Carrots,150,1.42,147,2.22,20/03/2021
Oranges,157,1,30,1.54,17/01/2021
Lettuce,63,1.12,53,1.92,10/1/2021
Cauliflower,75,1.12,170,1.84,24/02/2021
Broccoli,195,1.1,70,1.71,14/03/2021
Lemons,176,1.12,61,1.79,14/03/2021
Pears,90,0.83,93,1.41,11/3/2021
Melons,123,1.42,184,2.3,12/2/2021
Pears,78,1.42,57,2.23,23/01/2021
Lettuce,149,0.83,34,1.34,1/1/2021
Limes,164,0.48,40,0.81,6/1/2021
Potatoes,158,1.12,76,1.78,24/01/2021
Peas,83,1.1,77,1.91,23/03/2021
Limes,52,1.19,15,1.9,26/02/2021
Pears,67,1.42,46,2.31,6/3/2021
Apples,122,1.1,177,1.89,27/02/2021
Lemons,128,0.83,93,1.29,24/01/2021
Pears,123,0.62,15,1.02,2/2/2021
Onions,97,1.19,185,2.01,19/02/2021
Lemons,56,1,174,1.5,28/02/2021
Cauliflower,120,1,74,1.62,8/2/2021
Potatoes,163,1,28,1.58,28/03/2021
Asparagus,134,1.42,163,2.37,9/2/2021
Oranges,98,1.1,52,1.69,1/1/2021
Asparagus,172,1.19,147,2.01,30/03/2021
Oranges,53,0.48,167,0.77,16/03/2021
Potatoes,57,1.1,56,1.81,12/3/2021
Onions,147,1.19,17,1.99,18/02/2021
Potatoes,86,1.42,115,2.44,17/03/2021
Pears,194,0.48,91,0.78,6/2/2021
Celery,190,1.19,144,2.03,23/01/2021
Lemons,192,0.48,112,0.75,11/2/2021
Lemons,123,0.48,171,0.76,31/01/2021
Peas,80,1.19,170,1.78,8/1/2021
Lemons,73,0.62,116,1.07,12/1/2021
Melons,80,0.83,54,1.32,4/3/2021
Oranges,197,0.62,133,0.95,19/03/2021
Melons,106,1.1,192,1.84,17/03/2021
Lettuce,179,1.12,93,1.7,16/03/2021
Cabbages,51,0.88,196,1.45,25/02/2021
Cabbages,128,0.62,122,0.99,17/02/2021
Limes,108,0.48,73,0.81,2/2/2021
Lettuce,76,0.83,150,1.39,24/01/2021
Pears,100,1.42,22,2.14,23/02/2021
Cabbages,57,0.88,36,1.54,20/03/2021
Pears,99,1.1,40,1.81,6/1/2021
Lettuce,87,1.42,96,2.17,18/03/2021
Asparagus,66,0.62,3,0.94,20/02/2021
Peas,129,0.62,105,1.03,28/01/2021
Limes,52,1.19,35,1.84,27/03/2021
Onions,164,1.1,18,1.67,13/03/2021
Peas,112,0.88,117,1.35,25/01/2021
Lemons,151,1,75,1.61,23/02/2021
Asparagus,194,0.88,8,1.32,21/01/2021
Carrots,119,1.19,139,1.9,25/03/2021
Apples,96,1.42,124,2.13,6/1/2021
Limes,175,1.12,65,1.78,10/1/2021
Lemons,95,1.42,20,2.43,22/01/2021
Pears,164,1.12,192,1.79,22/01/2021
Asparagus,147,1.1,80,1.66,9/2/2021
Oranges,71,1.12,81,1.86,20/02/2021
Cabbages,193,0.83,139,1.3,5/3/2021
Cauliflower,74,0.83,11,1.32,22/03/2021
Pears,83,0.48,197,0.76,17/03/2021
Apples,173,0.83,173,1.36,22/01/2021
Cabbages,90,1.19,101,2.06,17/02/2021
Apples,158,0.62,164,1.08,28/01/2021
Cauliflower,82,1.12,175,1.71,9/1/2021
Carrots,156,1.12,43,1.81,3/1/2021
Oranges,92,1.12,118,1.92,24/02/2021
Lemons,195,1.1,140,1.71,9/2/2021
Broccoli,119,0.48,113,0.74,14/01/2021
Melons,79,0.83,120,1.32,30/03/2021
Apples,175,0.83,123,1.28,21/01/2021
Carrots,169,1.19,171,1.81,10/2/2021
Melons,187,1.19,94,2.06,17/03/2021
Potatoes,193,1.19,100,1.78,27/02/2021
Peas,97,1.42,73,2.24,2/2/2021
Asparagus,70,1.12,183,1.74,28/02/2021
Limes,86,1,43,1.55,1/1/2021
Cauliflower,132,1.19,90,1.78,19/01/2021
Potatoes,117,0.83,18,1.28,20/03/2021
Pears,107,0.62,181,0.94,17/01/2021
Broccoli,165,0.48,146,0.84,17/01/2021
Cabbages,148,1.19,79,1.98,23/02/2021
Pears,64,1.12,69,1.7,20/02/2021
Pears,166,0.83,184,1.37,21/01/2021
Carrots,81,1.12,134,1.94,30/03/2021
Peas,151,1,130,1.67,7/1/2021
Carrots,168,0.62,34,0.94,25/02/2021
Celery,119,0.48,3,0.74,19/03/2021
Lettuce,97,1.42,190,2.44,23/02/2021
Pears,109,0.62,164,0.94,15/02/2021
Carrots,126,0.48,69,0.8,18/02/2021
Cauliflower,58,0.62,106,1.07,20/02/2021
Peas,152,0.83,90,1.34,20/02/2021
Oranges,159,1.42,64,2.37,10/3/2021
Oranges,62,1.1,126,1.85,21/03/2021
Onions,145,1.12,184,1.72,9/2/2021
Apples,164,1.1,108,1.72,27/01/2021
Melons,128,1.19,144,1.84,26/01/2021
Cabbages,129,1.19,66,1.81,14/03/2021
Cauliflower,61,0.62,152,1.04,9/3/2021
Cabbages,189,1.12,111,1.86,23/03/2021
Peas,56,1.1,25,1.72,22/01/2021
Carrots,118,1.42,191,2.19,27/03/2021
Onions,69,1.42,26,2.2,26/01/2021
Potatoes,87,0.48,189,0.76,23/03/2021
Onions,105,1,11,1.51,9/1/2021
Cabbages,177,1.19,83,2.02,1/1/2021
Broccoli,165,1.1,164,1.77,10/2/2021
Cauliflower,63,1,198,1.62,8/3/2021
Oranges,186,0.83,50,1.37,6/1/2021
Broccoli,69,1.12,191,1.95,15/02/2021
Carrots,116,1.42,191,2.46,28/03/2021
Limes,58,1.19,122,2.07,10/3/2021
Potatoes,136,0.83,142,1.41,6/2/2021
Asparagus,165,0.88,114,1.43,17/02/2021
Asparagus,141,1.1,152,1.89,28/02/2021
Asparagus,156,1.1,171,1.93,1/1/2021
Potatoes,173,0.62,39,0.99,3/1/2021
Lettuce,98,1.1,32,1.84,8/3/2021
Broccoli,162,1,101,1.51,20/03/2021
Celery,184,0.88,82,1.54,15/01/2021
Lettuce,155,1.12,173,1.74,31/01/2021
Limes,147,1.1,28,1.87,21/03/2021
Apples,95,1,152,1.51,18/02/2021
Apples,59,0.83,162,1.35,1/2/2021
Carrots,157,1.19,132,2.07,8/2/2021
Carrots,115,1.1,40,1.88,18/03/2021
Cauliflower,109,1.19,13,1.93,11/1/2021
Asparagus,129,1.12,47,1.79,21/03/2021
Oranges,182,1.12,33,1.72,28/03/2021
Melons,114,0.62,44,1.07,29/01/2021
Cabbages,102,0.83,187,1.44,22/03/2021
Onions,58,0.83,49,1.38,15/03/2021
Oranges,123,0.62,26,1.08,17/02/2021
Potatoes,58,1.1,181,1.93,17/01/2021
Pears,149,1.19,126,1.84,13/01/2021
Broccoli,134,0.48,82,0.82,16/02/2021
Cauliflower,73,0.88,75,1.5,12/3/2021
Lettuce,79,1.19,70,2.06,23/01/2021
Cauliflower,92,1.1,188,1.69,15/02/2021
Cauliflower,146,0.83,99,1.37,20/02/2021
Pears,110,1.12,161,1.74,15/02/2021
Melons,168,1.1,15,1.91,19/02/2021
Celery,130,0.83,143,1.39,10/1/2021
Lettuce,178,1.1,81,1.93,6/1/2021
Potatoes,126,1.42,125,2.27,28/02/2021
Limes,70,1.19,112,1.94,17/02/2021
Lettuce,189,0.83,79,1.44,21/03/2021
Cabbages,109,0.62,145,1.04,9/2/2021
Melons,143,0.88,105,1.39,31/01/2021
Lettuce,166,1.19,184,1.83,29/03/2021
Lettuce,146,1,182,1.62,4/1/2021
Melons,105,0.83,140,1.34,4/3/2021
Oranges,199,1.1,151,1.84,30/01/2021
Cabbages,108,0.83,185,1.36,17/01/2021
Peas,200,0.48,69,0.8,18/02/2021
Celery,121,1.42,11,2.33,20/01/2021
Peas,131,0.48,25,0.83,14/03/2021
Lemons,57,1.19,23,1.88,24/02/2021
Cabbages,108,1.19,173,2.08,3/3/2021
Lemons,69,0.62,22,0.94,23/01/2021
Pears,152,1.42,91,2.36,24/02/2021
Limes,123,0.88,12,1.41,24/03/2021
Lemons,178,1,118,1.55,9/1/2021
Cabbages,144,0.83,154,1.39,7/2/2021
Broccoli,84,0.88,66,1.36,8/3/2021
Limes,84,1.12,5,1.8,10/1/2021
Apples,70,1.42,187,2.3,7/1/2021
Lettuce,158,0.88,86,1.42,27/02/2021
Peas,183,1.42,95,2.13,11/2/2021
Melons,189,1.1,112,1.9,28/01/2021
Potatoes,81,1.42,136,2.33,16/03/2021
Lettuce,58,1.1,44,1.91,31/01/2021
Oranges,99,1.1,128,1.81,21/01/2021
Broccoli,117,1,188,1.61,16/01/2021
Pears,143,0.48,132,0.82,9/2/2021
Cabbages,86,0.83,185,1.37,13/01/2021
Cabbages,193,0.62,120,0.99,6/1/2021
Cauliflower,69,0.62,49,1.08,11/2/2021
Oranges,70,1,69,1.53,18/02/2021
Carrots,107,1.1,181,1.91,4/1/2021
Pears,162,1.1,22,1.67,4/3/2021
Cabbages,133,0.88,113,1.38,28/02/2021
Peas,142,0.62,137,1.02,25/01/2021
Potatoes,130,0.62,102,1.08,2/1/2021
Lemons,71,0.62,78,1.04,5/1/2021
Oranges,165,1.12,33,1.85,26/02/2021
Celery,182,0.62,170,1.06,5/1/2021
Oranges,153,1.12,3,1.76,16/03/2021
Lemons,77,1,10,1.57,19/01/2021
Carrots,95,1,105,1.69,25/02/2021
Potatoes,156,1.42,143,2.23,10/1/2021
Cabbages,65,0.48,180,0.77,7/1/2021
Onions,122,0.83,136,1.43,14/01/2021
Cabbages,105,1,46,1.61,23/01/2021
Lemons,169,0.48,151,0.77,27/02/2021
Cauliflower,194,0.62,133,1.08,5/1/2021
Limes,166,0.62,67,1.05,30/03/2021
Cauliflower,141,0.83,144,1.38,12/2/2021
Potatoes,196,0.48,175,0.76,6/2/2021
Broccoli,60,1.12,92,1.9,3/1/2021
Broccoli,118,1.19,9,1.87,30/01/2021
Celery,179,0.48,58,0.84,29/03/2021
Asparagus,170,1,56,1.53,21/02/2021
Carrots,77,0.83,24,1.29,28/02/2021
Potatoes,92,1,17,1.58,16/03/2021
Potatoes,98,1.42,56,2.2,9/1/2021
Cabbages,185,1.42,89,2.37,28/02/2021
Cabbages,176,0.88,88,1.51,17/01/2021
Onions,184,1.19,66,1.89,6/2/2021
Celery,83,1.1,198,1.91,26/02/2021
Carrots,130,0.62,39,1.02,27/01/2021
Apples,176,1.1,1,1.8,19/01/2021
Broccoli,73,1.42,195,2.29,9/3/2021
Lemons,86,1,90,1.62,15/02/2021
Limes,51,0.88,123,1.33,1/3/2021
Limes,96,1.19,129,1.86,18/03/2021
Asparagus,158,1.12,175,1.96,3/2/2021
Oranges,119,1,158,1.56,5/1/2021
Cabbages,69,0.83,110,1.44,12/1/2021
Potatoes,187,1.12,166,1.86,14/03/2021
Oranges,122,1.12,175,1.86,21/02/2021
Peas,86,0.62,187,1.08,23/01/2021
Limes,158,0.83,144,1.38,14/03/2021
Melons,78,1.19,46,1.86,29/01/2021
Oranges,184,0.62,81,1.03,9/2/2021
Onions,157,1.19,178,1.8,14/02/2021
Potatoes,119,0.48,14,0.72,18/01/2021
Oranges,144,0.88,200,1.54,12/1/2021
Celery,92,0.88,149,1.33,11/3/2021
Carrots,110,1.12,65,1.85,8/2/2021
Apples,184,1.42,152,2.29,9/3/2021
Potatoes,94,1.42,157,2.14,10/3/2021
Onions,94,0.88,191,1.43,8/2/2021
Broccoli,75,0.83,156,1.25,14/03/2021
Asparagus,148,1.12,9,1.85,14/01/2021
Carrots,178,1.12,109,1.78,7/1/2021
Carrots,170,0.88,34,1.49,5/3/2021
Asparagus,97,0.83,148,1.45,22/01/2021
Melons,51,1,112,1.66,8/2/2021
Carrots,118,0.48,140,0.83,5/2/2021
Apples,152,1,167,1.54,3/1/2021
Peas,63,0.48,139,0.84,25/02/2021
Pears,61,0.48,71,0.8,6/3/2021
Celery,109,0.88,140,1.42,13/02/2021
Broccoli,102,1.1,114,1.76,6/2/2021
Cauliflower,113,1.1,125,1.86,12/2/2021
Cauliflower,61,0.83,138,1.31,21/01/2021
Cauliflower,106,1.42,88,2.16,9/3/2021
Celery,105,1.42,178,2.41,24/02/2021
Broccoli,163,1.1,134,1.73,2/1/2021
Oranges,130,1,30,1.75,26/03/2021
Asparagus,81,0.48,33,0.74,30/03/2021
Melons,166,0.88,119,1.42,1/3/2021
Potatoes,106,0.88,118,1.34,2/1/2021
Melons,172,1.42,79,2.37,15/01/2021
Cauliflower,199,1.42,178,2.22,19/01/2021
Carrots,89,1.12,143,1.72,28/01/2021
Lettuce,79,0.88,174,1.52,6/1/2021
Cauliflower,171,0.83,16,1.44,2/2/2021
Potatoes,65,0.48,16,0.79,29/01/2021
Celery,55,0.88,176,1.54,5/3/2021
Oranges,141,1.42,69,2.23,21/03/2021
Potatoes,99,0.48,156,0.79,26/01/2021
Carrots,189,1,101,1.56,19/02/2021
Peas,61,1.12,198,1.9,20/01/2021
Onions,177,0.88,59,1.35,11/1/2021
Pears,69,0.62,186,1.08,23/03/2021
Cabbages,66,0.83,30,1.27,18/03/2021
Asparagus,168,0.48,157,0.76,16/02/2021
Apples,122,0.62,78,0.94,4/3/2021
Lettuce,195,1.12,196,1.76,30/01/2021
Broccoli,128,0.48,66,0.81,12/3/2021
Oranges,62,0.62,48,0.97,23/02/2021
Cauliflower,149,0.83,21,1.39,25/03/2021
Potatoes,161,0.83,53,1.4,12/1/2021
Asparagus,133,1.19,63,2.06,4/2/2021
Oranges,140,1.12,75,1.88,20/01/2021
Lettuce,70,1.1,38,1.75,15/03/2021
Melons,200,0.62,140,1,25/02/2021
Peas,68,1.42,24,2.2,24/02/2021
Lemons,53,1,103,1.66,27/02/2021
Lettuce,141,1.1,1,1.89,10/1/2021
Lemons,182,0.62,83,0.95,22/03/2021
Broccoli,97,1.1,108,1.83,12/2/2021
Apples,62,1.12,94,1.9,8/3/2021
Apples,52,1.42,95,2.37,17/01/2021
Broccoli,106,0.83,169,1.38,5/1/2021
Oranges,87,0.48,105,0.83,6/1/2021
Melons,82,1.12,105,1.86,8/2/2021
Carrots,192,0.48,186,0.78,4/2/2021
Apples,188,1.1,74,1.69,18/01/2021
Peas,80,0.48,157,0.84,22/03/2021
Asparagus,103,1,38,1.54,5/2/2021
Onions,112,0.48,67,0.77,27/02/2021
Apples,76,1.19,96,1.94,30/03/2021
Potatoes,97,1.12,89,1.87,20/01/2021
Carrots,103,1.42,176,2.37,26/02/2021
Limes,199,1.42,40,2.48,17/02/2021
Cabbages,189,0.88,105,1.42,19/03/2021
Pears,74,0.62,87,1.05,5/3/2021
Celery,114,1.1,53,1.86,19/01/2021
Limes,148,0.62,62,0.93,4/2/2021
Onions,65,0.88,189,1.48,25/01/2021
Lettuce,155,0.48,89,0.73,7/1/2021
Lemons,54,0.62,72,0.94,14/01/2021
Cauliflower,157,1.19,28,1.9,17/01/2021
Peas,115,1.19,187,1.81,9/1/2021
Carrots,131,0.62,139,0.96,15/02/2021
Cabbages,194,1.1,181,1.91,5/3/2021
Lettuce,64,1.42,95,2.47,18/03/2021
Peas,75,1.19,139,1.86,22/02/2021
Onions,95,1.1,195,1.9,9/3/2021
Lemons,50,0.48,149,0.77,26/02/2021
Peas,141,0.88,120,1.43,21/01/2021
Oranges,152,1.19,169,1.81,3/1/2021
Pears,148,0.48,160,0.77,19/03/2021
Pears,135,0.48,91,0.81,22/03/2021
Onions,143,1.19,60,1.78,19/03/2021
Peas,173,1.19,39,1.99,31/01/2021
Onions,81,1.42,173,2.3,26/03/2021
Broccoli,127,0.83,188,1.43,14/02/2021
Lettuce,89,0.48,167,0.83,14/02/2021
Melons,90,1.42,74,2.2,10/2/2021
Cabbages,90,0.62,124,0.99,28/02/2021
Apples,104,1.19,164,1.8,2/3/2021
Cauliflower,68,0.62,101,1.07,11/2/2021
Oranges,82,0.48,104,0.8,17/03/2021
Broccoli,91,0.48,170,0.75,20/03/2021
Carrots,191,1.12,48,1.75,1/3/2021
Pears,90,0.48,161,0.74,16/01/2021
Cabbages,104,1,193,1.53,7/3/2021
Broccoli,59,0.83,128,1.29,20/03/2021
Melons,58,1.12,29,1.69,5/3/2021
Limes,155,1.19,77,1.84,24/02/2021
Onions,194,1.1,186,1.9,22/03/2021
Oranges,76,0.48,119,0.72,17/02/2021
Melons,74,1.42,9,2.17,17/01/2021
Onions,178,1.12,196,1.68,20/03/2021
Apples,65,1.12,159,1.88,24/01/2021
Potatoes,119,0.48,109,0.74,19/03/2021
Broccoli,115,0.62,163,0.95,8/1/2021
Celery,146,1,199,1.63,1/3/2021
Oranges,116,0.83,25,1.26,14/01/2021
Peas,89,0.62,192,0.94,11/1/2021
Broccoli,77,1.19,124,2.02,13/03/2021
Oranges,163,0.62,5,1,25/01/2021
Cabbages,90,0.88,147,1.46,17/01/2021
Limes,80,0.62,173,1.02,2/2/2021
Carrots,101,0.62,13,1.03,1/3/2021
Lettuce,92,1.1,92,1.77,13/01/2021
Potatoes,184,0.62,181,1.08,27/02/2021
Carrots,154,0.48,188,0.74,1/1/2021
Cabbages,177,1,72,1.73,24/03/2021
Peas,135,1,166,1.56,17/03/2021
Carrots,152,0.62,145,1.08,24/03/2021
Asparagus,75,1.42,92,2.31,12/3/2021
Pears,166,0.83,99,1.41,21/01/2021
Lettuce,53,1.12,145,1.75,5/2/2021
Celery,73,0.48,146,0.78,22/02/2021
Lemons,93,0.62,137,1.02,28/03/2021
Lettuce,141,0.62,92,1.07,14/02/2021
Melons,183,1,50,1.63,23/02/2021
Broccoli,168,0.62,48,0.94,14/01/2021
Apples,116,1.12,72,1.71,2/3/2021
Celery,54,0.48,118,0.83,28/01/2021
Melons,116,0.62,110,1.07,13/03/2021
Broccoli,124,0.88,119,1.36,10/3/2021
Lemons,145,1.1,112,1.93,26/03/2021
Lemons,185,1.42,126,2.34,22/03/2021
Apples,190,0.48,99,0.84,4/3/2021
Limes,195,1.42,159,2.4,17/03/2021
Peas,88,0.62,42,1.06,14/03/2021
Carrots,188,0.88,177,1.39,20/03/2021
Lettuce,83,1.19,55,1.84,9/1/2021
Melons,72,1.19,70,2,21/02/2021
Carrots,106,1.1,83,1.83,18/03/2021
Potatoes,117,1.19,136,2.01,14/01/2021
Oranges,76,0.83,61,1.25,29/01/2021
Celery,183,1.12,194,1.83,22/03/2021
Melons,196,0.83,120,1.43,14/01/2021
Limes,66,1.1,135,1.8,14/03/2021
Broccoli,111,1.1,177,1.77,13/01/2021
Melons,129,1,150,1.74,7/3/2021
Peas,179,1.12,174,1.89,21/03/2021
Broccoli,92,0.88,152,1.35,26/01/2021
Cauliflower,108,1.12,119,1.93,1/2/2021
Lemons,179,1.1,71,1.68,31/01/2021
Cauliflower,124,1,26,1.7,7/1/2021
Cauliflower,113,1.12,62,1.77,11/3/2021
Cauliflower,139,0.83,130,1.32,9/1/2021
Limes,192,0.88,48,1.52,2/1/2021
Pears,191,1.12,20,1.92,17/01/2021
Asparagus,197,0.62,120,1.04,25/02/2021
Celery,177,1,170,1.62,16/03/2021
Pears,168,1.1,67,1.71,10/3/2021
Lemons,192,1.19,4,2.01,19/02/2021
Cauliflower,133,1.1,16,1.72,21/01/2021
Lemons,102,1.19,195,1.96,16/02/2021
Lettuce,111,0.62,180,1.04,10/1/2021
Apples,150,1.19,18,2.05,15/03/2021
Cauliflower,194,1.1,112,1.69,23/02/2021
Celery,119,1.19,48,1.81,1/3/2021
Asparagus,72,0.88,116,1.54,20/02/2021
Onions,75,0.83,152,1.32,21/02/2021
Cauliflower,116,1,148,1.68,5/3/2021
Cabbages,142,1.1,160,1.81,9/1/2021
Melons,181,1,176,1.71,5/3/2021
Broccoli,162,0.83,158,1.39,8/3/2021
Lettuce,52,1.1,147,1.81,5/1/2021
Peas,185,1.19,190,1.81,30/03/2021
Cabbages,168,0.88,40,1.48,24/02/2021
Lettuce,146,0.62,152,0.93,1/3/2021
Apples,187,0.62,195,1.02,20/03/2021
Apples,87,0.88,3,1.32,14/01/2021
Onions,143,1.19,30,2,4/3/2021
Lemons,79,1.42,159,2.31,23/01/2021
Potatoes,141,1.42,148,2.37,23/02/2021
Broccoli,72,1.1,154,1.74,17/03/2021
Onions,187,0.88,135,1.4,1/3/2021
Cauliflower,169,1.19,110,1.84,19/01/2021
Onions,119,0.83,27,1.24,16/02/2021
Onions,172,0.88,73,1.43,18/01/2021
Lemons,116,1,67,1.72,24/03/2021
Lemons,110,1,12,1.73,27/02/2021
Carrots,185,0.83,150,1.3,6/2/2021
Melons,56,0.83,96,1.35,6/3/2021
Cauliflower,112,0.88,54,1.51,2/1/2021
Pears,197,0.62,109,0.97,19/02/2021
Apples,94,0.83,85,1.29,17/02/2021
Melons,55,1,120,1.69,3/1/2021
Carrots,87,1.19,18,1.99,15/03/2021
Cauliflower,194,0.62,167,1.04,22/01/2021
Melons,187,0.48,68,0.79,30/03/2021
Celery,59,0.48,50,0.75,22/01/2021
Apples,106,0.88,120,1.54,21/03/2021
Lettuce,54,1.1,83,1.76,7/3/2021
Oranges,57,0.88,72,1.5,4/2/2021
Celery,112,1.19,172,1.8,29/01/2021
Celery,156,1,135,1.63,14/02/2021
Limes,149,1,87,1.71,21/02/2021
Cauliflower,200,0.62,170,1.07,11/3/2021
Limes,155,1.12,114,1.68,8/1/2021
Melons,111,0.88,188,1.5,15/01/2021
Pears,80,0.88,133,1.32,24/01/2021
Cabbages,98,0.48,118,0.8,8/1/2021
Pears,77,1.42,153,2.3,3/3/2021
Apples,191,0.48,135,0.76,7/2/2021
Apples,181,1,99,1.5,29/01/2021
Peas,144,0.48,101,0.73,13/02/2021
Asparagus,64,0.62,150,1.07,25/01/2021
Broccoli,149,1.19,190,1.99,20/03/2021
Potatoes,148,1.1,156,1.91,24/01/2021
Onions,118,1.12,102,1.95,12/3/2021
Oranges,71,0.62,176,0.94,4/3/2021
Carrots,115,1.42,42,2.4,30/03/2021
Potatoes,155,0.62,157,1.03,9/2/2021
Potatoes,109,0.62,22,1.04,15/01/2021
Asparagus,182,1.42,61,2.22,16/01/2021
Cabbages,187,1.19,187,2.05,25/02/2021
Oranges,160,0.62,181,1.08,13/03/2021
Lemons,196,0.62,36,1.02,9/1/2021
Asparagus,198,1.19,151,1.98,22/02/2021
Oranges,111,0.88,46,1.42,11/3/2021
Cauliflower,81,1.1,99,1.79,30/03/2021
Asparagus,197,1.1,39,1.77,15/03/2021
Peas,176,0.48,156,0.73,26/03/2021
Asparagus,141,0.83,143,1.44,6/3/2021
Pears,162,1,160,1.67,22/02/2021
Cauliflower,72,0.62,62,0.95,13/01/2021
Cauliflower,137,0.48,179,0.81,9/1/2021
Potatoes,138,1.12,196,1.69,12/3/2021
Celery,67,1,150,1.62,19/03/2021
Onions,93,0.62,59,0.99,3/3/2021
Apples,140,0.62,34,1,20/03/2021
Lemons,63,1,118,1.5,12/3/2021
Melons,76,0.88,18,1.42,17/03/2021
Limes,197,1.42,185,2.47,3/2/2021
Potatoes,87,1.12,106,1.74,4/2/2021
Apples,111,1.1,101,1.84,20/02/2021
Pears,79,1,106,1.7,31/01/2021
Cauliflower,103,1.12,168,1.95,26/02/2021
Apples,94,0.83,88,1.29,19/02/2021
Lettuce,82,0.62,199,1.04,3/1/2021
Pears,76,1.42,123,2.24,2/3/2021
Onions,96,0.88,81,1.34,28/01/2021
Melons,55,0.48,55,0.78,14/02/2021
Peas,142,0.88,88,1.37,17/03/2021
Cauliflower,188,0.48,178,0.83,20/01/2021
Carrots,185,1.12,130,1.93,18/01/2021
Cabbages,101,0.88,152,1.37,7/2/2021
Melons,171,1.42,177,2.23,29/03/2021
Onions,118,1.19,153,2,12/1/2021
Peas,135,1.12,110,1.84,11/3/2021
Lemons,165,0.48,18,0.73,20/02/2021
Oranges,57,0.62,67,1.07,8/2/2021
Broccoli,186,1.19,170,1.94,1/3/2021
Cabbages,92,1,23,1.75,29/01/2021
Cauliflower,190,0.62,72,1.05,10/1/2021
Oranges,92,1.19,194,1.82,27/01/2021
Lettuce,92,0.88,101,1.43,30/01/2021
Oranges,192,0.83,46,1.3,11/3/2021
Apples,137,1.42,3,2.39,15/02/2021
Pears,71,1.19,23,2.08,26/02/2021
Potatoes,187,1,149,1.66,12/2/2021
Lemons,71,1.12,66,1.72,19/01/2021
Cauliflower,126,0.48,175,0.81,28/02/2021
Asparagus,152,1.12,101,1.69,16/02/2021
Oranges,139,1.1,64,1.76,21/02/2021
Peas,143,1.12,97,1.76,7/2/2021
Broccoli,175,1,134,1.64,23/03/2021
Limes,178,0.62,6,1.08,17/01/2021
Cabbages,125,0.62,1,1.05,26/02/2021
Peas,192,0.83,66,1.33,26/03/2021
Asparagus,56,0.83,102,1.4,30/01/2021
Lettuce,129,0.48,170,0.8,19/02/2021
Lettuce,126,1.1,100,1.68,24/02/2021
Lettuce,85,0.88,85,1.5,10/2/2021
Limes,95,1.1,48,1.69,9/3/2021
Peas,70,0.83,86,1.3,4/3/2021
Broccoli,64,0.62,126,0.94,28/01/2021
Pears,196,0.83,149,1.33,25/03/2021
Cauliflower,66,0.88,21,1.53,15/02/2021
Lemons,198,1.1,101,1.88,2/2/2021
Melons,137,1.19,45,1.93,3/1/2021
Melons,104,0.88,42,1.42,27/01/2021
Lemons,88,0.62,38,1.04,26/02/2021
Lemons,76,1.12,154,1.83,8/2/2021
Celery,151,1.12,63,1.89,16/02/2021
Oranges,89,0.48,48,0.8,26/01/2021
Broccoli,171,1,198,1.55,16/01/2021
